{"parameters/conv2d_3.bias":{"values":[1,0,0,0,0,0,0,0,0,0,0,0,0,0,1,0,0,0,0,0,0,0,0,0,0,0,0,0,1,1,0,0,0,1,0,0,0,0,0,0,1,0,1,0,1,0,0,0,0,0,0,0,2,0,0,0,0,1,0,1,0,1,1,2],"bins":[-0.18785516917705536,-0.18503712117671967,-0.18221907317638397,-0.17940102517604828,-0.17658297717571259,-0.1737649142742157,-0.17094686627388,-0.1681288182735443,-0.16531077027320862,-0.16249272227287292,-0.15967467427253723,-0.15685662627220154,-0.15403857827186584,-0.15122053027153015,-0.14840248227119446,-0.14558441936969757,-0.14276637136936188,-0.13994832336902618,-0.1371302753686905,-0.1343122273683548,-0.1314941793680191,-0.1286761313676834,-0.12585808336734772,-0.12304002791643143,-0.12022197991609573,-0.11740393191576004,-0.11458588391542435,-0.11176782846450806,-0.10894978046417236,-0.10613173246383667,-0.10331368446350098,-0.10049563646316528,-0.09767758101224899,-0.0948595330119133,-0.0920414850115776,-0.08922343701124191,-0.08640538901090622,-0.08358733355998993,-0.08076928555965424,-0.07795123755931854,-0.07513318955898285,-0.07231514155864716,-0.06949708610773087,-0.06667903810739517,-0.06386099010705948,-0.061042942106723785,-0.058224890381097794,-0.0554068423807621,-0.05258879065513611,-0.049770742654800415,-0.04695269465446472,-0.04413464292883873,-0.041316594928503036,-0.038498543202877045,-0.03568049520254135,-0.03286244720220566,-0.030044395476579666,-0.027226345613598824,-0.02440829761326313,-0.021590247750282288,-0.018772197887301445,-0.015954148024320602,-0.013136099092662334,-0.010318049229681492,-0.007499999832361937],"_type":"histogram"},"_runtime":1498,"val_accuracy":0.7202467322349548,"parameters/dense_3.weights":{"values":[1,1,1,2,2,7,15,24,60,109,138,192,272,316,483,702,838,1107,1536,2046,2637,3527,4756,6061,7749,9847,12063,15058,18751,24082,33018,57749,51958,31127,23137,17976,14532,11743,9502,7397,5835,4531,3328,2566,1966,1446,1044,836,663,457,305,259,189,125,100,52,22,12,9,0,3,1,0,1],"bins":[-0.9398670196533203,-0.9104227423667908,-0.8809784650802612,-0.8515341877937317,-0.8220899105072021,-0.7926456332206726,-0.7632012963294983,-0.7337570190429688,-0.7043127417564392,-0.6748684644699097,-0.6454241871833801,-0.6159799098968506,-0.586535632610321,-0.5570913553237915,-0.527647078037262,-0.49820277094841003,-0.4687584936618805,-0.43931421637535095,-0.4098699390888214,-0.3804256319999695,-0.35098135471343994,-0.3215370774269104,-0.29209280014038086,-0.2626485228538513,-0.23320423066616058,-0.20375995337963104,-0.1743156611919403,-0.14487138390541077,-0.11542709916830063,-0.08598281443119049,-0.05653853341937065,-0.027094250544905663,0.002350032329559326,0.031794317066669464,0.061238598078489304,0.09068287909030914,0.12012716382741928,0.14957144856452942,0.17901572585105896,0.2084600180387497,0.23790429532527924,0.26734858751296997,0.2967928647994995,0.32623714208602905,0.3556814193725586,0.38512569665908813,0.41457000374794006,0.4440142810344696,0.47345855832099915,0.5029028654098511,0.5323471426963806,0.5617914199829102,0.5912356972694397,0.6206799745559692,0.6501242518424988,0.6795685291290283,0.7090128064155579,0.7384570837020874,0.7679013609886169,0.7973456978797913,0.8267899751663208,0.8562342524528503,0.8856785297393799,0.9151228070259094,0.944567084312439],"_type":"histogram"},"_timestamp":1.7645571808435957e+09,"parameters/conv2d_3.weights":{"values":[2,1,0,0,2,1,1,1,4,0,4,3,3,1,3,1,1,2,2,2,2,2,1,3,6,9,12,13,8,8,21,16,23,12,15,17,18,21,29,22,24,28,15,17,8,11,9,1,6,4,3,0,3,0,1,3,1,2,1,1,1,0,0,1],"bins":[-1.2872552871704102,-1.2532222270965576,-1.2191890478134155,-1.185155987739563,-1.151122808456421,-1.1170897483825684,-1.0830565690994263,-1.0490235090255737,-1.0149903297424316,-0.9809572696685791,-0.9469241499900818,-0.9128910303115845,-0.8788579106330872,-0.8448247909545898,-0.8107916712760925,-0.7767585515975952,-0.7427254319190979,-0.7086923122406006,-0.6746591925621033,-0.640626072883606,-0.6065930128097534,-0.5725598931312561,-0.5385267734527588,-0.5044936537742615,-0.47046053409576416,-0.43642741441726685,-0.40239429473876953,-0.3683611750602722,-0.3343280553817749,-0.3002949655056,-0.26626184582710266,-0.23222872614860535,-0.19819560647010803,-0.16416248679161072,-0.1301293820142746,-0.09609626233577728,-0.06206314638257027,-0.02803003042936325,0.006003083661198616,0.04003619775176048,0.0740693137049675,0.10810242593288422,0.14213554561138153,0.17616866528987885,0.21020177006721497,0.24423488974571228,0.2782680094242096,0.3123011291027069,0.34633421897888184,0.38036733865737915,0.41440045833587646,0.4484335780143738,0.4824666976928711,0.5164998173713684,0.5505329370498657,0.584566056728363,0.6185991764068604,0.6526322960853577,0.6866653561592102,0.7206984758377075,0.7547315955162048,0.7887647151947021,0.8227978348731995,0.8568309545516968,0.8908640742301941],"_type":"histogram"},"graph":{"path":"media/graph/graph_summary_fb71c2a6e22c8b4dfa85.graph.json","_type":"graph-file","sha256":"fb71c2a6e22c8b4dfa85616f291379a14e6c6b16ed103a8bd89c7b1606f78c27","size":787},"loss":0.03327956050634384,"_step":19,"best_epoch":2,"parameters/dense_3.bias":{"_type":"histogram","values":[1,0,0,0,0,0,0,0,0,0,0,0,0,0,0,0,0,0,0,0,0,0,0,0,0,0,0,0,0,0,0,0,0,0,0,0,0,0,0,0,0,0,0,0,0,0,0,0,0,0,0,0,0,0,0,0,0,0,0,0,0,0,0,1],"bins":[-0.0035576364025473595,-0.003446460235863924,-0.0033352840691804886,-0.003224107902497053,-0.0031129317358136177,-0.0030017555691301823,-0.002890579402446747,-0.0027794032357633114,-0.002668227069079876,-0.0025570509023964405,-0.002445874735713005,-0.002334698336198926,-0.0022235221695154905,-0.002112346002832055,-0.0020011698361486197,-0.001889993785880506,-0.0017788175027817488,-0.0016676413360983133,-0.0015564651694148779,-0.0014452890027314425,-0.001334112836048007,-0.0012229366693645716,-0.0011117605026811361,-0.0010005843359977007,-0.0008894081693142653,-0.0007782319444231689,-0.0006670557777397335,-0.000555879611056298,-0.0004447034443728626,-0.0003335272485855967,-0.00022235108190216124,-0.00011117490066681057,1.280568540096283e-09,0.00011117746180389076,0.00022235364303924143,0.0003335298097226769,0.00044470600550994277,0.0005558821721933782,0.0006670583388768137,0.0007782345055602491,0.0008894107304513454,0.0010005868971347809,0.0011117630638182163,0.0012229392305016518,0.0013341153971850872,0.0014452915638685226,0.001556467730551958,0.0016676438972353935,0.001778820063918829,0.0018899963470175862,0.0020011723972857,0.0021123485639691353,0.0022235247306525707,0.002334700897336006,0.0024458772968500853,0.0025570534635335207,0.002668229630216956,0.0027794057969003916,0.002890581963583827,0.0030017581302672625,0.003112934296950698,0.0032241104636341333,0.0033352866303175688,0.0034464627970010042,0.0035576389636844397]},"epoch":19,"val_loss":1.7311396598815918,"accuracy":0.9921073913574219,"best_val_loss":0.4094351530075073,"_wandb":{"runtime":1498}}